practice_name,email,send_time_utc,status,message_id
Page Family Dental Group,frontdesk@pagefdg.com,2026-08-31T13:30:00Z,sent,1a057faceec25de0
BayView Dental Arts,office@bayviewdentalarts.com,2026-08-31T13:30:30Z,sent,1a057fae4edaa4d1
Naples Premier Dentistry,naplespremier@mydentalmail.com,2026-08-31T13:31:00Z,sent,1a057fafb3c0f5f3
Torrens Dental Care,info@torrensdental.com,2026-08-31T13:31:30Z,sent,1a057fb0fc5d72f7
Massa Dental Center,office@massadental.com,2026-08-31T13:32:00Z,sent,1a057fb24577a6cc
Gulfside Dental,gulfsidedentalnaplesfl@gmail.com,2026-08-31T13:32:30Z,sent,1a057fb399e8b767
Top Dental Designs,contact@topdentaldesigns.com,2026-08-31T13:33:00Z,sent,1a057fb4c3de5c92
Cosmetic & Implant Dentistry of Naples,care@dentistryofnaples.com,2026-08-31T13:33:30Z,sent,1a057fb65ce6bfae
Galdos Dental,contact@galdosdental.com,2026-08-31T13:34:00Z,sent,1a057fb78b872366
