recipient_email,practice_name,draft_id,date,status,notes
frontdesk@pagefdg.com,Page Family Dental Group,r5029440086558381657,2026-06-26,DRAFT_CREATED,Ready to send from Gmail Drafts
office@bayviewdentalarts.com,BayView Dental Arts,r-4997418701137876389,2026-06-26,DRAFT_CREATED,Ready to send from Gmail Drafts
naplespremier@mydentalmail.com,Naples Premier Dentistry,r-8548055634932920127,2026-06-26,DRAFT_CREATED,Ready to send from Gmail Drafts
info@torrensdental.com,Torrens Dental Care,r-8153948553788829337,2026-06-26,DRAFT_CREATED,Ready to send from Gmail Drafts
office@massadental.com,Massa Dental Center,r7480708487581997734,2026-06-26,DRAFT_CREATED,Ready to send from Gmail Drafts
gulfsidedentalnaplesfl@gmail.com,Gulfside Dental,r-6865083123940861043,2026-06-26,DRAFT_CREATED,Ready to send from Gmail Drafts
contact@topdentaldesigns.com,Top Dental Designs,r7489936259869306917,2026-06-26,DRAFT_CREATED,Ready to send from Gmail Drafts
care@dentistryofnaples.com,Cosmetic & Implant Dentistry of Naples,r-852936016408390210,2026-06-26,DRAFT_CREATED,Ready to send from Gmail Drafts
contact@galdosdental.com,Galdos Dental,r-8623871700277687141,2026-06-26,DRAFT_CREATED,Ready to send from Gmail Drafts
